{"text": " Trosz", "segments": [{"id": 0, "seek": 0, "start": 0.0, "end": 23.28, "text": " Trosz", "tokens": [50364, 1765, 329, 89, 51528], "temperature": 1.0, "avg_logprob": -3.4082282384236655, "compression_ratio": 0.38461538461538464, "no_speech_prob": 0.02555275335907936}], "language": "Polish"}